name,category,owner_email,owner_name,criticality,url,status,cost_per_month,last_used_date,renewal_date
Slack,communication,louis.garcia@atelier-lumen.example,Louis Garcia,high,https://slack.com,active,122.5,2026-09-24,
Google Workspace,productivity,louis.garcia@atelier-lumen.example,Louis Garcia,high,https://workspace.google.com,active,193.2,2026-09-24,
Notion,productivity,ines.michel@atelier-lumen.example,Inès Michel,medium,https://notion.so,active,127.2,2026-09-24,
Figma,design,thomas.bernard@atelier-lumen.example,Thomas Bernard,high,https://figma.com,active,90,2026-09-24,
Adobe Creative Cloud,design,thomas.bernard@atelier-lumen.example,Thomas Bernard,high,https://adobe.com,active,225,2026-09-24,2026-10-14
HubSpot,sales,nathan.laurent@atelier-lumen.example,Nathan Laurent,high,https://hubspot.com,active,594,2026-09-24,2026-11-30
Zoom,communication,julien.moreau@atelier-lumen.example,Julien Moreau,low,https://zoom.us,active,13.33,2026-04-10,
Canva,design,ines.michel@atelier-lumen.example,Inès Michel,low,https://canva.com,active,9.99,2026-09-22,
Dropbox,storage,sarah.lefevre@atelier-lumen.example,Sarah Lefèvre,low,https://dropbox.com,active,16.66,2026-05-18,
Calendly,productivity,manon.simon@atelier-lumen.example,Manon Simon,low,https://calendly.com,active,10,2026-09-24,
Pennylane,finance,sophie.vincent@atelier-lumen.example,Sophie Vincent,high,https://pennylane.com,active,59,2026-09-24,
Wimi,productivity,louis.garcia@atelier-lumen.example,Louis Garcia,medium,https://wimi-teamwork.com,active,29,2026-09-18,
Miro,design,,,low,https://miro.com,active,16,2026-03-02,
Loom,communication,chloe.robert@atelier-lumen.example,Chloé Robert,low,https://loom.com,decommissioned,12,2026-05-30,
