full_name,email,department,role,status,start_date,end_date
Camille Durand,camille.durand@atelier-lumen.example,Direction,Gérante,active,2019-03-01,
Thomas Bernard,thomas.bernard@atelier-lumen.example,Design,Directeur artistique,active,2019-09-02,
Léa Martin,lea.martin@atelier-lumen.example,Design,Designer,active,2021-01-11,
Hugo Petit,hugo.petit@atelier-lumen.example,Design,Designer,active,2022-04-04,
Chloé Robert,chloe.robert@atelier-lumen.example,Design,Motion designer,active,2023-02-06,
Jade Fontaine,jade.fontaine@atelier-lumen.example,Design,Designer junior,active,2026-09-01,
Lucas Richard,lucas.richard@atelier-lumen.example,Développement,Développeur web,active,2020-06-15,
Emma Dubois,emma.dubois@atelier-lumen.example,Développement,Développeuse web,active,2022-10-03,
Paul Rousseau,paul.rousseau@atelier-lumen.example,Développement,Développeur web,active,2024-01-08,
Nathan Laurent,nathan.laurent@atelier-lumen.example,Commercial,Chargé d’affaires,active,2021-05-17,
Manon Simon,manon.simon@atelier-lumen.example,Commercial,Chargée d’affaires,active,2023-09-04,
Inès Michel,ines.michel@atelier-lumen.example,Marketing,Responsable marketing,active,2022-02-14,
Louis Garcia,louis.garcia@atelier-lumen.example,Administration,Office manager,active,2020-11-02,
Sophie Vincent,sophie.vincent@atelier-lumen.example,Administration,Assistante comptable,active,2024-03-18,
Julien Moreau,julien.moreau@atelier-lumen.example,Commercial,Directeur commercial,offboarded,2020-01-06,2026-06-30
Sarah Lefèvre,sarah.lefevre@atelier-lumen.example,Design,Designer,offboarded,2021-09-06,2026-08-31
Maxime Blanc,maxime.blanc@atelier-lumen.example,Développement,Développeur web,offboarding,2023-05-02,2026-10-15
