tool_name,employee_email,access_level,granted_date,last_accessed_date,last_reviewed_date,status
Slack,camille.durand@atelier-lumen.example,member,2019-03-01,2026-09-24,2026-07-01,active
Google Workspace,camille.durand@atelier-lumen.example,member,2019-03-01,2026-09-24,2026-07-01,active
Notion,camille.durand@atelier-lumen.example,member,2019-03-01,2026-09-24,2026-07-01,active
Slack,thomas.bernard@atelier-lumen.example,member,2019-09-02,2026-09-24,2026-07-01,active
Google Workspace,thomas.bernard@atelier-lumen.example,member,2019-09-02,2026-09-24,2026-07-01,active
Notion,thomas.bernard@atelier-lumen.example,member,2019-09-02,2026-09-24,2026-07-01,active
Slack,lea.martin@atelier-lumen.example,member,2021-01-11,2026-09-24,2026-07-01,active
Google Workspace,lea.martin@atelier-lumen.example,member,2021-01-11,2026-09-24,2026-07-01,active
Notion,lea.martin@atelier-lumen.example,member,2021-01-11,2026-09-24,2026-07-01,active
Slack,hugo.petit@atelier-lumen.example,member,2022-04-04,2026-09-24,2026-07-01,active
Google Workspace,hugo.petit@atelier-lumen.example,member,2022-04-04,2026-09-24,2026-07-01,active
Notion,hugo.petit@atelier-lumen.example,member,2022-04-04,2026-09-24,2026-07-01,active
Slack,chloe.robert@atelier-lumen.example,member,2023-02-06,2026-09-24,2026-07-01,active
Google Workspace,chloe.robert@atelier-lumen.example,member,2023-02-06,2026-09-24,2026-07-01,active
Notion,chloe.robert@atelier-lumen.example,member,2023-02-06,2026-09-24,2026-07-01,active
Slack,jade.fontaine@atelier-lumen.example,member,2026-09-01,2026-09-24,2026-07-01,active
Google Workspace,jade.fontaine@atelier-lumen.example,member,2026-09-01,2026-09-24,2026-07-01,active
Notion,jade.fontaine@atelier-lumen.example,member,2026-09-01,2026-09-24,2026-07-01,active
Slack,lucas.richard@atelier-lumen.example,member,2020-06-15,2026-09-24,2026-07-01,active
Google Workspace,lucas.richard@atelier-lumen.example,member,2020-06-15,2026-09-24,2026-07-01,active
Notion,lucas.richard@atelier-lumen.example,member,2020-06-15,2026-09-24,2026-07-01,active
Slack,emma.dubois@atelier-lumen.example,member,2022-10-03,2026-09-24,2026-07-01,active
Google Workspace,emma.dubois@atelier-lumen.example,member,2022-10-03,2026-09-24,2026-07-01,active
Notion,emma.dubois@atelier-lumen.example,member,2022-10-03,2026-09-24,2026-07-01,active
Slack,paul.rousseau@atelier-lumen.example,member,2024-01-08,2026-09-24,2026-07-01,active
Google Workspace,paul.rousseau@atelier-lumen.example,member,2024-01-08,2026-09-24,2026-07-01,active
Notion,paul.rousseau@atelier-lumen.example,member,2024-01-08,2026-09-24,2026-07-01,active
Slack,nathan.laurent@atelier-lumen.example,member,2021-05-17,2026-09-24,2026-07-01,active
Google Workspace,nathan.laurent@atelier-lumen.example,member,2021-05-17,2026-09-24,2026-07-01,active
Notion,nathan.laurent@atelier-lumen.example,member,2021-05-17,2026-09-24,2026-07-01,active
Slack,manon.simon@atelier-lumen.example,member,2023-09-04,2026-09-24,2026-07-01,active
Google Workspace,manon.simon@atelier-lumen.example,member,2023-09-04,2026-09-24,2026-07-01,active
Notion,manon.simon@atelier-lumen.example,member,2023-09-04,2026-09-24,2026-07-01,active
Slack,ines.michel@atelier-lumen.example,member,2022-02-14,2026-09-24,2026-07-01,active
Google Workspace,ines.michel@atelier-lumen.example,member,2022-02-14,2026-09-24,2026-07-01,active
Notion,ines.michel@atelier-lumen.example,member,2022-02-14,2026-09-24,2026-07-01,active
Notion,louis.garcia@atelier-lumen.example,member,2020-11-02,2026-09-24,2026-07-01,active
Slack,sophie.vincent@atelier-lumen.example,member,2024-03-18,2026-09-24,2026-07-01,active
Google Workspace,sophie.vincent@atelier-lumen.example,member,2024-03-18,2026-09-24,2026-07-01,active
Notion,sophie.vincent@atelier-lumen.example,member,2024-03-18,2026-09-24,2026-07-01,active
Slack,maxime.blanc@atelier-lumen.example,member,2023-05-02,2026-09-24,2026-07-01,active
Google Workspace,maxime.blanc@atelier-lumen.example,member,2023-05-02,2026-09-24,2026-07-01,active
Notion,maxime.blanc@atelier-lumen.example,member,2023-05-02,2026-09-24,2026-07-01,active
Slack,louis.garcia@atelier-lumen.example,admin,2020-11-02,2026-09-24,2025-09-15,active
Google Workspace,louis.garcia@atelier-lumen.example,admin,2020-11-02,2026-09-24,2025-09-15,active
Figma,lea.martin@atelier-lumen.example,editor,2021-01-11,2026-09-24,2026-07-01,active
Figma,hugo.petit@atelier-lumen.example,editor,2022-04-04,2026-09-24,2026-07-01,active
Figma,chloe.robert@atelier-lumen.example,editor,2023-02-06,2026-09-24,2026-07-01,active
Figma,jade.fontaine@atelier-lumen.example,editor,2026-09-01,2026-09-24,2026-07-01,active
Figma,thomas.bernard@atelier-lumen.example,admin,2019-09-02,2026-09-24,2025-09-15,active
Adobe Creative Cloud,lea.martin@atelier-lumen.example,member,2021-01-11,2026-09-24,2026-07-01,active
Adobe Creative Cloud,hugo.petit@atelier-lumen.example,member,2022-04-04,2026-09-24,2026-07-01,active
Adobe Creative Cloud,chloe.robert@atelier-lumen.example,member,2023-02-06,2026-09-24,2026-07-01,active
Adobe Creative Cloud,thomas.bernard@atelier-lumen.example,admin,2019-09-02,2026-09-24,2026-07-01,active
HubSpot,nathan.laurent@atelier-lumen.example,admin,2021-05-17,2026-09-24,2026-07-01,active
HubSpot,manon.simon@atelier-lumen.example,member,2023-09-04,2026-09-24,2026-07-01,active
HubSpot,ines.michel@atelier-lumen.example,member,2022-02-14,2026-09-24,2026-07-01,active
Zoom,camille.durand@atelier-lumen.example,member,2019-03-01,2026-04-10,2026-07-01,active
Zoom,nathan.laurent@atelier-lumen.example,member,2021-05-17,2026-03-22,2026-07-01,active
Canva,ines.michel@atelier-lumen.example,admin,2022-02-14,2026-09-22,2026-07-01,active
Canva,chloe.robert@atelier-lumen.example,member,2023-02-06,2026-09-15,2026-07-01,active
Dropbox,camille.durand@atelier-lumen.example,member,2019-03-01,2026-05-18,2026-07-01,active
Calendly,manon.simon@atelier-lumen.example,admin,2023-09-04,2026-09-24,2026-07-01,active
Calendly,nathan.laurent@atelier-lumen.example,member,2021-05-17,2026-09-10,2026-07-01,active
Pennylane,sophie.vincent@atelier-lumen.example,admin,2024-03-18,2026-09-24,2026-07-01,active
Pennylane,camille.durand@atelier-lumen.example,member,2019-03-01,2026-09-15,2026-07-01,active
Wimi,louis.garcia@atelier-lumen.example,admin,2020-11-02,2026-09-18,2026-07-01,active
Wimi,camille.durand@atelier-lumen.example,member,2019-03-01,2026-09-02,2026-07-01,active
Slack,julien.moreau@atelier-lumen.example,member,2020-01-06,2026-06-30,2026-07-01,active
Google Workspace,julien.moreau@atelier-lumen.example,member,2020-01-06,2026-06-30,2026-07-01,active
HubSpot,julien.moreau@atelier-lumen.example,admin,2020-01-06,2026-06-29,2025-09-15,active
Zoom,julien.moreau@atelier-lumen.example,admin,2020-01-06,2026-04-09,2025-09-15,active
Slack,sarah.lefevre@atelier-lumen.example,member,2021-09-06,2026-08-31,2026-07-01,active
Notion,sarah.lefevre@atelier-lumen.example,member,2021-09-06,2026-08-30,2026-07-01,active
Figma,sarah.lefevre@atelier-lumen.example,editor,2021-09-06,2026-08-29,2026-07-01,active
Dropbox,sarah.lefevre@atelier-lumen.example,admin,2021-09-06,2026-05-18,2025-09-15,active
