employee_name,employee_email,department,role,employee_status,start_date,end_date,tool_name,tool_category,tool_cost_monthly,tool_url,tool_status,tool_criticality,renewal_date,tool_owner_email,tool_owner_name,tool_last_used,access_level,access_status,access_last_used,access_last_reviewed
Camille Durand,camille.durand@atelier-lumen.example,Direction,Gérante,active,2019-03-01,,Slack,communication,122.5,https://slack.com,active,high,,louis.garcia@atelier-lumen.example,Louis Garcia,2026-09-24,member,active,2026-09-24,2026-07-01
Camille Durand,camille.durand@atelier-lumen.example,Direction,Gérante,active,2019-03-01,,Google Workspace,productivity,193.2,https://workspace.google.com,active,high,,louis.garcia@atelier-lumen.example,Louis Garcia,2026-09-24,member,active,2026-09-24,2026-07-01
Camille Durand,camille.durand@atelier-lumen.example,Direction,Gérante,active,2019-03-01,,Notion,productivity,127.2,https://notion.so,active,medium,,ines.michel@atelier-lumen.example,Inès Michel,2026-09-24,member,active,2026-09-24,2026-07-01
Thomas Bernard,thomas.bernard@atelier-lumen.example,Design,Directeur artistique,active,2019-09-02,,Slack,communication,122.5,https://slack.com,active,high,,louis.garcia@atelier-lumen.example,Louis Garcia,2026-09-24,member,active,2026-09-24,2026-07-01
Thomas Bernard,thomas.bernard@atelier-lumen.example,Design,Directeur artistique,active,2019-09-02,,Google Workspace,productivity,193.2,https://workspace.google.com,active,high,,louis.garcia@atelier-lumen.example,Louis Garcia,2026-09-24,member,active,2026-09-24,2026-07-01
Thomas Bernard,thomas.bernard@atelier-lumen.example,Design,Directeur artistique,active,2019-09-02,,Notion,productivity,127.2,https://notion.so,active,medium,,ines.michel@atelier-lumen.example,Inès Michel,2026-09-24,member,active,2026-09-24,2026-07-01
Léa Martin,lea.martin@atelier-lumen.example,Design,Designer,active,2021-01-11,,Slack,communication,122.5,https://slack.com,active,high,,louis.garcia@atelier-lumen.example,Louis Garcia,2026-09-24,member,active,2026-09-24,2026-07-01
Léa Martin,lea.martin@atelier-lumen.example,Design,Designer,active,2021-01-11,,Google Workspace,productivity,193.2,https://workspace.google.com,active,high,,louis.garcia@atelier-lumen.example,Louis Garcia,2026-09-24,member,active,2026-09-24,2026-07-01
Léa Martin,lea.martin@atelier-lumen.example,Design,Designer,active,2021-01-11,,Notion,productivity,127.2,https://notion.so,active,medium,,ines.michel@atelier-lumen.example,Inès Michel,2026-09-24,member,active,2026-09-24,2026-07-01
Hugo Petit,hugo.petit@atelier-lumen.example,Design,Designer,active,2022-04-04,,Slack,communication,122.5,https://slack.com,active,high,,louis.garcia@atelier-lumen.example,Louis Garcia,2026-09-24,member,active,2026-09-24,2026-07-01
Hugo Petit,hugo.petit@atelier-lumen.example,Design,Designer,active,2022-04-04,,Google Workspace,productivity,193.2,https://workspace.google.com,active,high,,louis.garcia@atelier-lumen.example,Louis Garcia,2026-09-24,member,active,2026-09-24,2026-07-01
Hugo Petit,hugo.petit@atelier-lumen.example,Design,Designer,active,2022-04-04,,Notion,productivity,127.2,https://notion.so,active,medium,,ines.michel@atelier-lumen.example,Inès Michel,2026-09-24,member,active,2026-09-24,2026-07-01
Chloé Robert,chloe.robert@atelier-lumen.example,Design,Motion designer,active,2023-02-06,,Slack,communication,122.5,https://slack.com,active,high,,louis.garcia@atelier-lumen.example,Louis Garcia,2026-09-24,member,active,2026-09-24,2026-07-01
Chloé Robert,chloe.robert@atelier-lumen.example,Design,Motion designer,active,2023-02-06,,Google Workspace,productivity,193.2,https://workspace.google.com,active,high,,louis.garcia@atelier-lumen.example,Louis Garcia,2026-09-24,member,active,2026-09-24,2026-07-01
Chloé Robert,chloe.robert@atelier-lumen.example,Design,Motion designer,active,2023-02-06,,Notion,productivity,127.2,https://notion.so,active,medium,,ines.michel@atelier-lumen.example,Inès Michel,2026-09-24,member,active,2026-09-24,2026-07-01
Jade Fontaine,jade.fontaine@atelier-lumen.example,Design,Designer junior,active,2026-09-01,,Slack,communication,122.5,https://slack.com,active,high,,louis.garcia@atelier-lumen.example,Louis Garcia,2026-09-24,member,active,2026-09-24,2026-07-01
Jade Fontaine,jade.fontaine@atelier-lumen.example,Design,Designer junior,active,2026-09-01,,Google Workspace,productivity,193.2,https://workspace.google.com,active,high,,louis.garcia@atelier-lumen.example,Louis Garcia,2026-09-24,member,active,2026-09-24,2026-07-01
Jade Fontaine,jade.fontaine@atelier-lumen.example,Design,Designer junior,active,2026-09-01,,Notion,productivity,127.2,https://notion.so,active,medium,,ines.michel@atelier-lumen.example,Inès Michel,2026-09-24,member,active,2026-09-24,2026-07-01
Lucas Richard,lucas.richard@atelier-lumen.example,Développement,Développeur web,active,2020-06-15,,Slack,communication,122.5,https://slack.com,active,high,,louis.garcia@atelier-lumen.example,Louis Garcia,2026-09-24,member,active,2026-09-24,2026-07-01
Lucas Richard,lucas.richard@atelier-lumen.example,Développement,Développeur web,active,2020-06-15,,Google Workspace,productivity,193.2,https://workspace.google.com,active,high,,louis.garcia@atelier-lumen.example,Louis Garcia,2026-09-24,member,active,2026-09-24,2026-07-01
Lucas Richard,lucas.richard@atelier-lumen.example,Développement,Développeur web,active,2020-06-15,,Notion,productivity,127.2,https://notion.so,active,medium,,ines.michel@atelier-lumen.example,Inès Michel,2026-09-24,member,active,2026-09-24,2026-07-01
Emma Dubois,emma.dubois@atelier-lumen.example,Développement,Développeuse web,active,2022-10-03,,Slack,communication,122.5,https://slack.com,active,high,,louis.garcia@atelier-lumen.example,Louis Garcia,2026-09-24,member,active,2026-09-24,2026-07-01
Emma Dubois,emma.dubois@atelier-lumen.example,Développement,Développeuse web,active,2022-10-03,,Google Workspace,productivity,193.2,https://workspace.google.com,active,high,,louis.garcia@atelier-lumen.example,Louis Garcia,2026-09-24,member,active,2026-09-24,2026-07-01
Emma Dubois,emma.dubois@atelier-lumen.example,Développement,Développeuse web,active,2022-10-03,,Notion,productivity,127.2,https://notion.so,active,medium,,ines.michel@atelier-lumen.example,Inès Michel,2026-09-24,member,active,2026-09-24,2026-07-01
Paul Rousseau,paul.rousseau@atelier-lumen.example,Développement,Développeur web,active,2024-01-08,,Slack,communication,122.5,https://slack.com,active,high,,louis.garcia@atelier-lumen.example,Louis Garcia,2026-09-24,member,active,2026-09-24,2026-07-01
Paul Rousseau,paul.rousseau@atelier-lumen.example,Développement,Développeur web,active,2024-01-08,,Google Workspace,productivity,193.2,https://workspace.google.com,active,high,,louis.garcia@atelier-lumen.example,Louis Garcia,2026-09-24,member,active,2026-09-24,2026-07-01
Paul Rousseau,paul.rousseau@atelier-lumen.example,Développement,Développeur web,active,2024-01-08,,Notion,productivity,127.2,https://notion.so,active,medium,,ines.michel@atelier-lumen.example,Inès Michel,2026-09-24,member,active,2026-09-24,2026-07-01
Nathan Laurent,nathan.laurent@atelier-lumen.example,Commercial,Chargé d’affaires,active,2021-05-17,,Slack,communication,122.5,https://slack.com,active,high,,louis.garcia@atelier-lumen.example,Louis Garcia,2026-09-24,member,active,2026-09-24,2026-07-01
Nathan Laurent,nathan.laurent@atelier-lumen.example,Commercial,Chargé d’affaires,active,2021-05-17,,Google Workspace,productivity,193.2,https://workspace.google.com,active,high,,louis.garcia@atelier-lumen.example,Louis Garcia,2026-09-24,member,active,2026-09-24,2026-07-01
Nathan Laurent,nathan.laurent@atelier-lumen.example,Commercial,Chargé d’affaires,active,2021-05-17,,Notion,productivity,127.2,https://notion.so,active,medium,,ines.michel@atelier-lumen.example,Inès Michel,2026-09-24,member,active,2026-09-24,2026-07-01
Manon Simon,manon.simon@atelier-lumen.example,Commercial,Chargée d’affaires,active,2023-09-04,,Slack,communication,122.5,https://slack.com,active,high,,louis.garcia@atelier-lumen.example,Louis Garcia,2026-09-24,member,active,2026-09-24,2026-07-01
Manon Simon,manon.simon@atelier-lumen.example,Commercial,Chargée d’affaires,active,2023-09-04,,Google Workspace,productivity,193.2,https://workspace.google.com,active,high,,louis.garcia@atelier-lumen.example,Louis Garcia,2026-09-24,member,active,2026-09-24,2026-07-01
Manon Simon,manon.simon@atelier-lumen.example,Commercial,Chargée d’affaires,active,2023-09-04,,Notion,productivity,127.2,https://notion.so,active,medium,,ines.michel@atelier-lumen.example,Inès Michel,2026-09-24,member,active,2026-09-24,2026-07-01
Inès Michel,ines.michel@atelier-lumen.example,Marketing,Responsable marketing,active,2022-02-14,,Slack,communication,122.5,https://slack.com,active,high,,louis.garcia@atelier-lumen.example,Louis Garcia,2026-09-24,member,active,2026-09-24,2026-07-01
Inès Michel,ines.michel@atelier-lumen.example,Marketing,Responsable marketing,active,2022-02-14,,Google Workspace,productivity,193.2,https://workspace.google.com,active,high,,louis.garcia@atelier-lumen.example,Louis Garcia,2026-09-24,member,active,2026-09-24,2026-07-01
Inès Michel,ines.michel@atelier-lumen.example,Marketing,Responsable marketing,active,2022-02-14,,Notion,productivity,127.2,https://notion.so,active,medium,,ines.michel@atelier-lumen.example,Inès Michel,2026-09-24,member,active,2026-09-24,2026-07-01
Louis Garcia,louis.garcia@atelier-lumen.example,Administration,Office manager,active,2020-11-02,,Notion,productivity,127.2,https://notion.so,active,medium,,ines.michel@atelier-lumen.example,Inès Michel,2026-09-24,member,active,2026-09-24,2026-07-01
Sophie Vincent,sophie.vincent@atelier-lumen.example,Administration,Assistante comptable,active,2024-03-18,,Slack,communication,122.5,https://slack.com,active,high,,louis.garcia@atelier-lumen.example,Louis Garcia,2026-09-24,member,active,2026-09-24,2026-07-01
Sophie Vincent,sophie.vincent@atelier-lumen.example,Administration,Assistante comptable,active,2024-03-18,,Google Workspace,productivity,193.2,https://workspace.google.com,active,high,,louis.garcia@atelier-lumen.example,Louis Garcia,2026-09-24,member,active,2026-09-24,2026-07-01
Sophie Vincent,sophie.vincent@atelier-lumen.example,Administration,Assistante comptable,active,2024-03-18,,Notion,productivity,127.2,https://notion.so,active,medium,,ines.michel@atelier-lumen.example,Inès Michel,2026-09-24,member,active,2026-09-24,2026-07-01
Maxime Blanc,maxime.blanc@atelier-lumen.example,Développement,Développeur web,offboarding,2023-05-02,2026-10-15,Slack,communication,122.5,https://slack.com,active,high,,louis.garcia@atelier-lumen.example,Louis Garcia,2026-09-24,member,active,2026-09-24,2026-07-01
Maxime Blanc,maxime.blanc@atelier-lumen.example,Développement,Développeur web,offboarding,2023-05-02,2026-10-15,Google Workspace,productivity,193.2,https://workspace.google.com,active,high,,louis.garcia@atelier-lumen.example,Louis Garcia,2026-09-24,member,active,2026-09-24,2026-07-01
Maxime Blanc,maxime.blanc@atelier-lumen.example,Développement,Développeur web,offboarding,2023-05-02,2026-10-15,Notion,productivity,127.2,https://notion.so,active,medium,,ines.michel@atelier-lumen.example,Inès Michel,2026-09-24,member,active,2026-09-24,2026-07-01
Louis Garcia,louis.garcia@atelier-lumen.example,Administration,Office manager,active,2020-11-02,,Slack,communication,122.5,https://slack.com,active,high,,louis.garcia@atelier-lumen.example,Louis Garcia,2026-09-24,admin,active,2026-09-24,2025-09-15
Louis Garcia,louis.garcia@atelier-lumen.example,Administration,Office manager,active,2020-11-02,,Google Workspace,productivity,193.2,https://workspace.google.com,active,high,,louis.garcia@atelier-lumen.example,Louis Garcia,2026-09-24,admin,active,2026-09-24,2025-09-15
Léa Martin,lea.martin@atelier-lumen.example,Design,Designer,active,2021-01-11,,Figma,design,90,https://figma.com,active,high,,thomas.bernard@atelier-lumen.example,Thomas Bernard,2026-09-24,editor,active,2026-09-24,2026-07-01
Hugo Petit,hugo.petit@atelier-lumen.example,Design,Designer,active,2022-04-04,,Figma,design,90,https://figma.com,active,high,,thomas.bernard@atelier-lumen.example,Thomas Bernard,2026-09-24,editor,active,2026-09-24,2026-07-01
Chloé Robert,chloe.robert@atelier-lumen.example,Design,Motion designer,active,2023-02-06,,Figma,design,90,https://figma.com,active,high,,thomas.bernard@atelier-lumen.example,Thomas Bernard,2026-09-24,editor,active,2026-09-24,2026-07-01
Jade Fontaine,jade.fontaine@atelier-lumen.example,Design,Designer junior,active,2026-09-01,,Figma,design,90,https://figma.com,active,high,,thomas.bernard@atelier-lumen.example,Thomas Bernard,2026-09-24,editor,active,2026-09-24,2026-07-01
Thomas Bernard,thomas.bernard@atelier-lumen.example,Design,Directeur artistique,active,2019-09-02,,Figma,design,90,https://figma.com,active,high,,thomas.bernard@atelier-lumen.example,Thomas Bernard,2026-09-24,admin,active,2026-09-24,2025-09-15
Léa Martin,lea.martin@atelier-lumen.example,Design,Designer,active,2021-01-11,,Adobe Creative Cloud,design,225,https://adobe.com,active,high,2026-10-14,thomas.bernard@atelier-lumen.example,Thomas Bernard,2026-09-24,member,active,2026-09-24,2026-07-01
Hugo Petit,hugo.petit@atelier-lumen.example,Design,Designer,active,2022-04-04,,Adobe Creative Cloud,design,225,https://adobe.com,active,high,2026-10-14,thomas.bernard@atelier-lumen.example,Thomas Bernard,2026-09-24,member,active,2026-09-24,2026-07-01
Chloé Robert,chloe.robert@atelier-lumen.example,Design,Motion designer,active,2023-02-06,,Adobe Creative Cloud,design,225,https://adobe.com,active,high,2026-10-14,thomas.bernard@atelier-lumen.example,Thomas Bernard,2026-09-24,member,active,2026-09-24,2026-07-01
Thomas Bernard,thomas.bernard@atelier-lumen.example,Design,Directeur artistique,active,2019-09-02,,Adobe Creative Cloud,design,225,https://adobe.com,active,high,2026-10-14,thomas.bernard@atelier-lumen.example,Thomas Bernard,2026-09-24,admin,active,2026-09-24,2026-07-01
Nathan Laurent,nathan.laurent@atelier-lumen.example,Commercial,Chargé d’affaires,active,2021-05-17,,HubSpot,sales,594,https://hubspot.com,active,high,2026-11-30,nathan.laurent@atelier-lumen.example,Nathan Laurent,2026-09-24,admin,active,2026-09-24,2026-07-01
Manon Simon,manon.simon@atelier-lumen.example,Commercial,Chargée d’affaires,active,2023-09-04,,HubSpot,sales,594,https://hubspot.com,active,high,2026-11-30,nathan.laurent@atelier-lumen.example,Nathan Laurent,2026-09-24,member,active,2026-09-24,2026-07-01
Inès Michel,ines.michel@atelier-lumen.example,Marketing,Responsable marketing,active,2022-02-14,,HubSpot,sales,594,https://hubspot.com,active,high,2026-11-30,nathan.laurent@atelier-lumen.example,Nathan Laurent,2026-09-24,member,active,2026-09-24,2026-07-01
Camille Durand,camille.durand@atelier-lumen.example,Direction,Gérante,active,2019-03-01,,Zoom,communication,13.33,https://zoom.us,active,low,,julien.moreau@atelier-lumen.example,Julien Moreau,2026-04-10,member,active,2026-04-10,2026-07-01
Nathan Laurent,nathan.laurent@atelier-lumen.example,Commercial,Chargé d’affaires,active,2021-05-17,,Zoom,communication,13.33,https://zoom.us,active,low,,julien.moreau@atelier-lumen.example,Julien Moreau,2026-04-10,member,active,2026-03-22,2026-07-01
Inès Michel,ines.michel@atelier-lumen.example,Marketing,Responsable marketing,active,2022-02-14,,Canva,design,9.99,https://canva.com,active,low,,ines.michel@atelier-lumen.example,Inès Michel,2026-09-22,admin,active,2026-09-22,2026-07-01
Chloé Robert,chloe.robert@atelier-lumen.example,Design,Motion designer,active,2023-02-06,,Canva,design,9.99,https://canva.com,active,low,,ines.michel@atelier-lumen.example,Inès Michel,2026-09-22,member,active,2026-09-15,2026-07-01
Camille Durand,camille.durand@atelier-lumen.example,Direction,Gérante,active,2019-03-01,,Dropbox,storage,16.66,https://dropbox.com,active,low,,sarah.lefevre@atelier-lumen.example,Sarah Lefèvre,2026-05-18,member,active,2026-05-18,2026-07-01
Manon Simon,manon.simon@atelier-lumen.example,Commercial,Chargée d’affaires,active,2023-09-04,,Calendly,productivity,10,https://calendly.com,active,low,,manon.simon@atelier-lumen.example,Manon Simon,2026-09-24,admin,active,2026-09-24,2026-07-01
Nathan Laurent,nathan.laurent@atelier-lumen.example,Commercial,Chargé d’affaires,active,2021-05-17,,Calendly,productivity,10,https://calendly.com,active,low,,manon.simon@atelier-lumen.example,Manon Simon,2026-09-24,member,active,2026-09-10,2026-07-01
Sophie Vincent,sophie.vincent@atelier-lumen.example,Administration,Assistante comptable,active,2024-03-18,,Pennylane,finance,59,https://pennylane.com,active,high,,sophie.vincent@atelier-lumen.example,Sophie Vincent,2026-09-24,admin,active,2026-09-24,2026-07-01
Camille Durand,camille.durand@atelier-lumen.example,Direction,Gérante,active,2019-03-01,,Pennylane,finance,59,https://pennylane.com,active,high,,sophie.vincent@atelier-lumen.example,Sophie Vincent,2026-09-24,member,active,2026-09-15,2026-07-01
Louis Garcia,louis.garcia@atelier-lumen.example,Administration,Office manager,active,2020-11-02,,Wimi,productivity,29,https://wimi-teamwork.com,active,medium,,louis.garcia@atelier-lumen.example,Louis Garcia,2026-09-18,admin,active,2026-09-18,2026-07-01
Camille Durand,camille.durand@atelier-lumen.example,Direction,Gérante,active,2019-03-01,,Wimi,productivity,29,https://wimi-teamwork.com,active,medium,,louis.garcia@atelier-lumen.example,Louis Garcia,2026-09-18,member,active,2026-09-02,2026-07-01
Julien Moreau,julien.moreau@atelier-lumen.example,Commercial,Directeur commercial,offboarded,2020-01-06,2026-06-30,Slack,communication,122.5,https://slack.com,active,high,,louis.garcia@atelier-lumen.example,Louis Garcia,2026-09-24,member,active,2026-06-30,2026-07-01
Julien Moreau,julien.moreau@atelier-lumen.example,Commercial,Directeur commercial,offboarded,2020-01-06,2026-06-30,Google Workspace,productivity,193.2,https://workspace.google.com,active,high,,louis.garcia@atelier-lumen.example,Louis Garcia,2026-09-24,member,active,2026-06-30,2026-07-01
Julien Moreau,julien.moreau@atelier-lumen.example,Commercial,Directeur commercial,offboarded,2020-01-06,2026-06-30,HubSpot,sales,594,https://hubspot.com,active,high,2026-11-30,nathan.laurent@atelier-lumen.example,Nathan Laurent,2026-09-24,admin,active,2026-06-29,2025-09-15
Julien Moreau,julien.moreau@atelier-lumen.example,Commercial,Directeur commercial,offboarded,2020-01-06,2026-06-30,Zoom,communication,13.33,https://zoom.us,active,low,,julien.moreau@atelier-lumen.example,Julien Moreau,2026-04-10,admin,active,2026-04-09,2025-09-15
Sarah Lefèvre,sarah.lefevre@atelier-lumen.example,Design,Designer,offboarded,2021-09-06,2026-08-31,Slack,communication,122.5,https://slack.com,active,high,,louis.garcia@atelier-lumen.example,Louis Garcia,2026-09-24,member,active,2026-08-31,2026-07-01
Sarah Lefèvre,sarah.lefevre@atelier-lumen.example,Design,Designer,offboarded,2021-09-06,2026-08-31,Notion,productivity,127.2,https://notion.so,active,medium,,ines.michel@atelier-lumen.example,Inès Michel,2026-09-24,member,active,2026-08-30,2026-07-01
Sarah Lefèvre,sarah.lefevre@atelier-lumen.example,Design,Designer,offboarded,2021-09-06,2026-08-31,Figma,design,90,https://figma.com,active,high,,thomas.bernard@atelier-lumen.example,Thomas Bernard,2026-09-24,editor,active,2026-08-29,2026-07-01
Sarah Lefèvre,sarah.lefevre@atelier-lumen.example,Design,Designer,offboarded,2021-09-06,2026-08-31,Dropbox,storage,16.66,https://dropbox.com,active,low,,sarah.lefevre@atelier-lumen.example,Sarah Lefèvre,2026-05-18,admin,active,2026-05-18,2025-09-15
,,,,,,,Miro,design,16,https://miro.com,active,low,,,,2026-03-02,,,,
,,,,,,,Loom,communication,12,https://loom.com,decommissioned,low,,chloe.robert@atelier-lumen.example,Chloé Robert,2026-05-30,,,,
